title,model,image
NPS    D132O05,D132O05,http://a863e2662fb97d0ee138-4d36b3a7f81d82c66bad0a46c55c8159.r49.cf3.rackcdn.com/products.art/image/440/04400158003255.jpg
NPS    H132I06,H132I06,http://a863e2662fb97d0ee138-4d36b3a7f81d82c66bad0a46c55c8159.r49.cf3.rackcdn.com/products.art/image/440/04400157703255.jpg
NPS    H132I25,H132I25,http://a863e2662fb97d0ee138-4d36b3a7f81d82c66bad0a46c55c8159.r49.cf3.rackcdn.com/products.art/image/440/04400160403255.jpg
NPS    H132I33,H132I33,http://a863e2662fb97d0ee138-4d36b3a7f81d82c66bad0a46c55c8159.r49.cf3.rackcdn.com/products.art/image/440/04401095103255.jpg
NPS    I132U02,I132U02,http://a863e2662fb97d0ee138-4d36b3a7f81d82c66bad0a46c55c8159.r49.cf3.rackcdn.com/products.art/image/440/04401045403255.jpg
NPS    M132A16,M132A16,http://a863e2662fb97d0ee138-4d36b3a7f81d82c66bad0a46c55c8159.r49.cf3.rackcdn.com/products.art/image/440/04400483103255.jpg
NPS    S132I33,S132I33,http://a863e2662fb97d0ee138-4d36b3a7f81d82c66bad0a46c55c8159.r49.cf3.rackcdn.com/products.art/image/440/04401320403255.jpg
NPS    D132O02,D132O02,http://a863e2662fb97d0ee138-4d36b3a7f81d82c66bad0a46c55c8159.r49.cf3.rackcdn.com/products.art/image/440/04400159703255.jpg
NPS    D132O04,D132O04,http://a863e2662fb97d0ee138-4d36b3a7f81d82c66bad0a46c55c8159.r49.cf3.rackcdn.com/products.art/image/440/04400158103255.jpg
NPS    D132O18,D132O18,http://a863e2662fb97d0ee138-4d36b3a7f81d82c66bad0a46c55c8159.r49.cf3.rackcdn.com/products.art/image/440/04400161703255.jpg
